,Before,After
PET,0.8723404255319149,0.8723404255319149
GM,0.7021276595744681,0.8085106382978723
CSF,0.7659574468085106,0.8085106382978723
