,Before,After
PET,0.8723404255319149,0.8936170212765957
GM,0.7021276595744681,0.7872340425531915
CSF,0.7659574468085106,0.7872340425531915
