,Before,After
PET,0.8723404255319149,0.8723404255319149
GM,0.7021276595744681,0.8297872340425532
CSF,0.7659574468085106,0.723404255319149
